step,minutes,state,battery,need_break,prediction,rmssd,sdrr,lf_hf,pnn50,mean_rr,rmssd_norm,sdrr_norm,lf_hf_norm,pnn50_norm,mean_rr_norm
0,5,productive_stress,99.6,False,time pressure,349.51,260.46,0.65,55.52,860.14,1.0,1.0,1.0,1.0,1.0
1,10,productive_stress,99.2,False,time pressure,322.81,252.35,0.63,55.18,918.75,0.924,0.969,0.967,0.994,1.068
2,15,productive_stress,98.8,False,time pressure,304.77,244.05,0.5,58.86,996.28,0.872,0.937,0.77,1.06,1.158
3,20,productive_stress,98.4,False,time pressure,263.65,222.13,0.46,58.86,1049.76,0.754,0.853,0.712,1.06,1.22
4,25,productive_stress,98.0,False,time pressure,155.56,159.07,1.02,56.19,1084.91,0.445,0.611,1.58,1.012,1.261
5,30,productive_stress,97.6,False,time pressure,110.03,119.22,1.87,60.87,1124.63,0.315,0.458,2.898,1.096,1.307
6,35,productive_stress,97.2,False,time pressure,118.9,125.69,2.29,59.2,1120.4,0.34,0.483,3.541,1.066,1.303
7,40,productive_stress,96.0,True,time pressure,151.43,150.18,2.13,59.87,1125.21,0.433,0.577,3.299,1.078,1.308
8,45,productive_stress,94.8,True,time pressure,148.18,148.43,1.77,56.86,1125.76,0.424,0.57,2.737,1.024,1.309
9,50,productive_stress,93.6,True,time pressure,165.6,152.46,1.47,58.86,1160.77,0.474,0.585,2.274,1.06,1.35
10,55,productive_stress,92.4,True,time pressure,157.9,147.57,1.25,56.19,1193.94,0.452,0.567,1.934,1.012,1.388
11,60,productive_stress,91.2,True,time pressure,160.26,159.22,1.3,57.86,1195.88,0.459,0.611,2.007,1.042,1.39
12,65,productive_stress,90.0,True,time pressure,141.42,147.23,1.29,60.54,1202.44,0.405,0.565,1.998,1.09,1.398
13,70,productive_stress,88.8,True,time pressure,142.64,151.19,1.49,61.2,1212.89,0.408,0.58,2.298,1.102,1.41
14,75,productive_stress,87.6,True,time pressure,122.25,134.07,1.37,61.2,1222.79,0.35,0.515,2.121,1.102,1.422
15,80,productive_stress,86.4,True,time pressure,123.25,151.65,1.49,59.87,1194.42,0.353,0.582,2.299,1.078,1.389
16,85,productive_stress,85.2,True,time pressure,132.86,146.9,1.66,60.2,1196.25,0.38,0.564,2.559,1.084,1.391
17,90,productive_stress,84.0,True,time pressure,118.45,154.58,1.9,53.51,1177.4,0.339,0.593,2.93,0.964,1.369
18,95,productive_stress,82.8,True,time pressure,118.0,157.9,2.44,54.85,1141.18,0.338,0.606,3.777,0.988,1.327
19,100,productive_stress,81.6,True,time pressure,123.4,156.46,2.47,54.18,1106.96,0.353,0.601,3.825,0.976,1.287
20,105,productive_stress,80.4,True,time pressure,125.0,151.6,2.97,58.53,1126.24,0.358,0.582,4.596,1.054,1.309
21,110,productive_stress,79.2,True,time pressure,106.17,148.82,4.45,56.19,1139.69,0.304,0.571,6.871,1.012,1.325
22,115,productive_stress,78.0,True,time pressure,102.09,155.61,4.4,56.19,1111.77,0.292,0.597,6.795,1.012,1.293
23,120,productive_stress,76.8,True,time pressure,106.29,150.73,3.85,58.53,1126.97,0.304,0.579,5.955,1.054,1.31
24,125,productive_stress,75.6,True,time pressure,107.83,158.83,3.3,56.52,1125.69,0.309,0.61,5.104,1.018,1.309
25,130,productive_stress,74.4,True,time pressure,105.66,153.83,3.21,51.84,1089.81,0.302,0.591,4.96,0.934,1.267
26,135,productive_stress,73.2,True,time pressure,110.37,151.32,2.89,51.51,1052.61,0.316,0.581,4.471,0.928,1.224
27,140,productive_stress,72.0,True,time pressure,115.33,188.77,2.25,47.83,1017.52,0.33,0.725,3.472,0.861,1.183
28,145,productive_stress,70.8,True,time pressure,118.6,206.86,3.18,46.49,1021.08,0.339,0.794,4.91,0.837,1.187
29,150,productive_stress,69.6,True,time pressure,129.39,202.38,2.89,51.84,1027.38,0.37,0.777,4.463,0.934,1.194
30,155,productive_stress,68.4,True,time pressure,139.58,209.32,2.97,53.18,1023.75,0.399,0.804,4.592,0.958,1.19
31,160,productive_stress,67.2,True,time pressure,140.37,216.06,3.29,52.17,1043.89,0.402,0.83,5.088,0.94,1.214
32,165,productive_stress,66.0,True,time pressure,155.58,177.97,2.68,60.2,1103.72,0.445,0.683,4.135,1.084,1.283
33,170,productive_stress,64.8,True,time pressure,151.83,162.63,2.89,58.53,1092.52,0.434,0.624,4.467,1.054,1.27
34,175,productive_stress,63.6,True,time pressure,158.54,188.4,2.36,54.85,1059.35,0.454,0.723,3.647,0.988,1.232
35,180,productive_stress,62.4,True,time pressure,143.73,232.45,2.3,46.15,991.47,0.411,0.892,3.561,0.831,1.153
36,185,productive_stress,61.2,True,time pressure,130.55,240.89,1.82,37.79,910.15,0.374,0.925,2.81,0.681,1.058
37,190,productive_stress,60.0,True,time pressure,107.75,218.62,2.03,30.1,861.7,0.308,0.839,3.139,0.542,1.002
38,195,productive_stress,58.8,True,time pressure,185.21,212.33,1.57,29.77,809.46,0.53,0.815,2.434,0.536,0.941
39,200,productive_stress,57.6,True,time pressure,252.0,225.57,1.47,33.44,791.16,0.721,0.866,2.272,0.602,0.92
40,205,productive_stress,56.4,True,time pressure,387.34,333.1,0.7,52.51,877.47,1.108,1.279,1.08,0.946,1.02
41,210,productive_stress,55.2,True,time pressure,470.11,375.74,0.78,69.23,930.0,1.345,1.443,1.207,1.247,1.081
42,215,productive_stress,54.0,True,time pressure,549.63,417.17,0.86,81.94,945.85,1.573,1.602,1.336,1.476,1.1
43,220,productive_stress,52.8,True,time pressure,592.69,444.7,0.94,90.97,945.29,1.696,1.707,1.453,1.639,1.099
44,225,productive_stress,51.6,True,time pressure,629.62,466.41,1.07,94.31,965.6,1.801,1.791,1.648,1.699,1.123
45,230,productive_stress,50.4,True,time pressure,618.73,452.3,0.96,92.64,902.99,1.77,1.737,1.476,1.669,1.05
46,235,productive_stress,49.2,True,time pressure,617.44,441.92,0.71,91.64,871.79,1.767,1.697,1.091,1.651,1.014
47,240,productive_stress,48.0,True,time pressure,642.14,447.46,0.43,92.64,866.59,1.837,1.718,0.667,1.669,1.008
48,245,productive_stress,46.8,True,time pressure,632.01,440.68,0.4,90.97,884.74,1.808,1.692,0.615,1.639,1.029
49,250,productive_stress,45.6,True,time pressure,610.49,434.48,0.31,89.97,892.54,1.747,1.668,0.475,1.62,1.038
50,255,productive_stress,44.4,True,time pressure,601.31,428.34,0.29,89.97,934.38,1.72,1.645,0.447,1.62,1.086
51,260,productive_stress,43.2,True,time pressure,606.51,428.03,0.33,89.97,981.98,1.735,1.643,0.514,1.62,1.142
52,265,productive_stress,42.0,True,time pressure,521.04,395.0,0.38,81.94,1036.05,1.491,1.517,0.592,1.476,1.205
53,270,productive_stress,40.8,True,time pressure,486.61,370.88,0.39,78.6,1091.46,1.392,1.424,0.609,1.416,1.269
54,275,productive_stress,39.6,True,time pressure,456.11,354.33,0.48,74.92,1116.13,1.305,1.36,0.738,1.349,1.298
55,280,productive_stress,38.4,True,time pressure,425.27,333.67,0.89,72.24,1133.42,1.217,1.281,1.369,1.301,1.318
56,285,productive_stress,37.2,True,time pressure,395.08,319.6,1.02,70.23,1144.76,1.13,1.227,1.572,1.265,1.331
57,290,productive_stress,36.0,True,time pressure,430.11,344.49,0.98,75.25,1105.35,1.231,1.323,1.522,1.355,1.285
58,295,productive_stress,34.8,True,time pressure,455.92,357.24,0.82,77.93,1079.97,1.304,1.372,1.26,1.404,1.256
59,300,productive_stress,33.6,True,time pressure,499.46,371.26,0.68,81.27,1067.08,1.429,1.425,1.046,1.464,1.241
60,305,productive_stress,32.4,True,time pressure,519.23,382.47,0.65,85.28,1029.85,1.486,1.468,0.998,1.536,1.197
61,310,productive_stress,31.2,True,time pressure,510.77,379.94,0.7,87.96,994.47,1.461,1.459,1.084,1.584,1.156
62,315,productive_stress,30.0,True,time pressure,517.66,380.15,0.71,88.96,1002.66,1.481,1.46,1.1,1.602,1.166
63,320,productive_stress,28.8,True,time pressure,517.65,384.41,0.68,89.97,978.55,1.481,1.476,1.048,1.62,1.138
64,325,productive_stress,27.6,True,time pressure,514.47,381.17,0.7,91.97,937.83,1.472,1.463,1.087,1.657,1.09
65,330,productive_stress,26.4,True,time pressure,506.21,382.46,0.48,89.63,955.09,1.448,1.468,0.748,1.614,1.11
66,335,productive_stress,25.2,True,time pressure,506.11,384.36,0.65,87.96,959.92,1.448,1.476,0.998,1.584,1.116
67,340,productive_stress,24.0,True,time pressure,534.0,397.03,0.8,88.96,936.76,1.528,1.524,1.236,1.602,1.089
68,345,productive_stress,22.8,True,time pressure,538.06,394.05,0.56,88.96,941.98,1.539,1.513,0.868,1.602,1.095
69,350,productive_stress,21.6,True,time pressure,518.87,379.67,0.44,86.29,976.17,1.485,1.458,0.682,1.554,1.135
70,355,productive_stress,20.4,True,time pressure,545.94,386.76,0.34,87.63,986.71,1.562,1.485,0.527,1.578,1.147
71,360,productive_stress,19.2,True,time pressure,569.05,397.04,0.39,89.3,995.03,1.628,1.524,0.605,1.608,1.157
72,365,productive_stress,18.0,True,time pressure,532.89,382.4,0.54,86.96,986.04,1.525,1.468,0.84,1.566,1.146
73,370,productive_stress,16.8,True,time pressure,536.3,383.74,0.64,89.3,968.79,1.534,1.473,0.985,1.608,1.126
74,375,productive_stress,15.6,True,time pressure,546.37,391.99,0.67,89.63,947.8,1.563,1.505,1.039,1.614,1.102
75,380,productive_stress,14.4,True,time pressure,537.57,392.41,0.53,89.63,923.94,1.538,1.507,0.826,1.614,1.074
76,385,productive_stress,13.2,True,time pressure,545.52,396.33,0.52,90.64,919.6,1.561,1.522,0.81,1.633,1.069
77,390,productive_stress,12.0,True,time pressure,542.52,397.53,0.6,89.97,952.33,1.552,1.526,0.92,1.62,1.107
78,395,productive_stress,10.8,True,time pressure,537.73,397.63,0.79,87.96,958.77,1.539,1.527,1.217,1.584,1.115
79,400,productive_stress,9.6,True,time pressure,549.52,397.04,0.88,88.96,957.16,1.572,1.524,1.366,1.602,1.113
80,405,productive_stress,8.4,True,time pressure,485.52,365.9,0.71,78.26,930.95,1.389,1.405,1.094,1.41,1.082
81,410,productive_stress,7.2,True,time pressure,404.46,319.94,0.73,70.9,961.93,1.157,1.228,1.127,1.277,1.118
82,415,productive_stress,6.0,True,time pressure,351.01,286.76,0.58,67.22,970.6,1.004,1.101,0.899,1.211,1.128
83,420,productive_stress,4.8,True,time pressure,276.68,246.71,0.65,63.55,1011.99,0.792,0.947,1.011,1.145,1.177
84,425,productive_stress,3.6,True,time pressure,94.28,177.08,2.22,57.53,1051.57,0.27,0.68,3.425,1.036,1.223
85,430,productive_stress,2.4,True,time pressure,93.36,96.91,1.97,60.54,1106.56,0.267,0.372,3.039,1.09,1.286
86,435,productive_stress,1.2,True,time pressure,85.84,96.37,1.83,56.52,1093.39,0.246,0.37,2.831,1.018,1.271
87,440,productive_stress,0.0,True,time pressure,84.4,92.21,2.0,51.84,1086.48,0.241,0.354,3.096,0.934,1.263
88,445,productive_stress,0.0,True,time pressure,75.66,91.57,2.81,47.16,1056.48,0.216,0.352,4.335,0.849,1.228
89,450,productive_stress,0.0,True,time pressure,72.98,93.7,3.99,44.82,1048.03,0.209,0.36,6.17,0.807,1.218
90,455,productive_stress,0.0,True,time pressure,64.3,123.41,6.64,37.79,1002.1,0.184,0.474,10.259,0.681,1.165
91,460,productive_stress,0.0,True,time pressure,64.58,121.65,6.82,36.45,984.15,0.185,0.467,10.538,0.657,1.144
92,465,productive_stress,0.0,True,time pressure,88.71,131.99,2.8,36.12,964.47,0.254,0.507,4.325,0.651,1.121
93,470,productive_stress,0.0,True,time pressure,88.91,141.76,2.47,32.78,976.27,0.254,0.544,3.812,0.59,1.135
94,475,productive_stress,0.0,True,time pressure,95.79,132.04,1.77,29.43,956.09,0.274,0.507,2.742,0.53,1.112
95,480,productive_stress,0.0,True,time pressure,101.88,126.03,2.06,33.44,988.34,0.291,0.484,3.178,0.602,1.149
96,485,productive_stress,0.0,True,time pressure,101.34,131.29,2.62,32.44,985.77,0.29,0.504,4.049,0.584,1.146
97,490,productive_stress,0.0,True,time pressure,116.54,145.26,2.78,34.11,979.58,0.333,0.558,4.303,0.614,1.139
98,495,productive_stress,0.0,True,time pressure,121.08,145.8,2.72,40.13,985.78,0.346,0.56,4.206,0.723,1.146
99,500,productive_stress,0.0,True,time pressure,114.71,145.05,2.93,42.47,999.94,0.328,0.557,4.536,0.765,1.163
100,505,productive_stress,0.0,True,time pressure,110.94,134.15,2.08,42.47,1001.93,0.317,0.515,3.211,0.765,1.165
101,510,productive_stress,0.0,True,time pressure,114.1,132.82,2.37,42.14,1003.06,0.326,0.51,3.66,0.759,1.166
102,515,productive_stress,0.0,True,time pressure,73.55,93.41,3.67,40.13,1023.05,0.21,0.359,5.67,0.723,1.189
103,520,productive_stress,0.0,True,time pressure,66.84,84.67,3.57,35.79,1007.58,0.191,0.325,5.517,0.645,1.171
104,525,productive_stress,0.0,True,time pressure,74.18,88.23,3.34,38.13,1005.14,0.212,0.339,5.158,0.687,1.169
105,530,productive_stress,0.0,True,time pressure,80.2,97.09,3.62,37.79,1006.17,0.229,0.373,5.6,0.681,1.17
106,535,productive_stress,0.0,True,time pressure,81.38,99.54,4.71,40.13,1029.13,0.233,0.382,7.273,0.723,1.196
107,540,productive_stress,0.0,True,time pressure,79.02,101.82,5.02,36.12,1019.94,0.226,0.391,7.765,0.651,1.186
108,545,productive_stress,0.0,True,time pressure,77.43,103.6,4.99,36.12,1015.71,0.222,0.398,7.707,0.651,1.181
109,550,productive_stress,0.0,True,time pressure,70.4,99.85,4.46,32.11,1005.79,0.201,0.383,6.892,0.578,1.169
110,555,productive_stress,0.0,True,time pressure,69.13,100.22,3.81,31.77,1013.53,0.198,0.385,5.894,0.572,1.178
111,560,productive_stress,0.0,True,time pressure,62.96,90.69,3.52,29.1,989.52,0.18,0.348,5.447,0.524,1.15
112,565,productive_stress,0.0,True,time pressure,63.43,98.04,4.19,29.43,982.25,0.181,0.376,6.469,0.53,1.142
113,570,productive_stress,0.0,True,time pressure,59.1,106.91,4.45,23.75,953.76,0.169,0.41,6.885,0.428,1.109
114,575,productive_stress,0.0,True,time pressure,61.86,127.89,3.97,19.73,914.81,0.177,0.491,6.133,0.355,1.064
115,580,productive_stress,0.0,True,time pressure,96.68,129.38,0.84,19.73,899.83,0.277,0.497,1.292,0.355,1.046
116,585,productive_stress,0.0,True,time pressure,95.28,130.9,0.94,19.4,896.34,0.273,0.503,1.448,0.349,1.042
117,590,productive_stress,0.0,True,time pressure,95.08,129.84,1.29,19.4,902.35,0.272,0.499,1.991,0.349,1.049
118,595,productive_stress,0.0,True,time pressure,96.5,129.93,1.06,21.07,931.06,0.276,0.499,1.632,0.38,1.082
119,600,productive_stress,0.0,True,time pressure,98.98,114.85,3.08,22.74,957.65,0.283,0.441,4.756,0.41,1.113
120,605,productive_stress,0.0,True,time pressure,90.61,134.13,4.26,21.07,916.74,0.259,0.515,6.582,0.38,1.066
121,610,productive_stress,0.0,True,time pressure,101.62,143.11,2.24,27.76,937.31,0.291,0.549,3.464,0.5,1.09
122,615,productive_stress,0.0,True,time pressure,116.26,154.59,2.07,34.11,952.73,0.333,0.594,3.201,0.614,1.108
123,620,productive_stress,0.0,True,time pressure,121.5,160.93,1.84,41.47,963.9,0.348,0.618,2.851,0.747,1.121
124,625,productive_stress,0.0,True,time pressure,135.54,164.92,1.67,46.82,982.88,0.388,0.633,2.586,0.843,1.143
125,630,productive_stress,0.0,True,time pressure,150.29,159.42,2.05,49.5,1012.83,0.43,0.612,3.166,0.892,1.178
126,635,productive_stress,0.0,True,time pressure,143.92,165.99,2.5,43.81,1005.27,0.412,0.637,3.857,0.789,1.169
127,640,productive_stress,0.0,True,time pressure,136.23,162.97,2.98,44.48,1011.6,0.39,0.626,4.608,0.801,1.176
128,645,productive_stress,0.0,True,time pressure,135.01,167.42,2.85,44.82,1025.35,0.386,0.643,4.411,0.807,1.192
129,650,productive_stress,0.0,True,time pressure,122.62,167.96,2.97,48.49,1055.86,0.351,0.645,4.595,0.873,1.228
130,655,productive_stress,0.0,True,time pressure,122.46,153.98,1.92,49.16,1064.39,0.35,0.591,2.973,0.886,1.237
131,660,productive_stress,0.0,True,time pressure,129.18,147.58,1.09,57.53,1080.67,0.37,0.567,1.678,1.036,1.256
132,665,productive_stress,0.0,True,time pressure,139.23,151.18,0.88,63.21,1089.43,0.398,0.58,1.356,1.139,1.267
133,670,productive_stress,0.0,True,time pressure,153.89,157.31,0.93,69.23,1089.75,0.44,0.604,1.444,1.247,1.267
134,675,productive_stress,0.0,True,time pressure,191.97,180.45,0.94,68.9,1059.92,0.549,0.693,1.45,1.241,1.232
135,680,productive_stress,0.0,True,time pressure,171.9,150.88,0.8,69.57,1092.42,0.492,0.579,1.242,1.253,1.27
136,685,productive_stress,0.0,True,time pressure,170.34,146.64,0.93,66.56,1108.28,0.487,0.563,1.439,1.199,1.288
137,690,productive_stress,0.0,True,time pressure,168.42,148.91,1.07,64.21,1120.13,0.482,0.572,1.657,1.157,1.302
138,695,productive_stress,0.0,True,time pressure,160.14,145.18,1.04,63.21,1132.87,0.458,0.557,1.6,1.139,1.317
139,700,productive_stress,0.0,True,time pressure,107.32,88.26,1.24,63.21,1158.12,0.307,0.339,1.918,1.139,1.346
140,705,productive_stress,0.0,True,time pressure,112.3,89.45,1.2,66.89,1156.26,0.321,0.343,1.85,1.205,1.344
141,710,productive_stress,0.0,True,time pressure,111.94,91.64,1.21,67.56,1155.02,0.32,0.352,1.865,1.217,1.343
142,715,productive_stress,0.0,True,time pressure,108.31,88.96,1.16,67.22,1153.35,0.31,0.342,1.787,1.211,1.341
143,720,productive_stress,0.0,True,time pressure,105.13,85.77,0.94,67.22,1149.53,0.301,0.329,1.456,1.211,1.336
144,725,productive_stress,0.0,True,time pressure,107.05,87.72,1.0,67.89,1153.04,0.306,0.337,1.552,1.223,1.341
145,730,productive_stress,0.0,True,time pressure,104.0,83.85,0.91,67.56,1156.71,0.298,0.322,1.404,1.217,1.345
146,735,productive_stress,0.0,True,time pressure,103.7,81.91,0.93,69.23,1155.45,0.297,0.314,1.434,1.247,1.343
147,740,productive_stress,0.0,True,time pressure,102.29,84.33,1.41,68.23,1153.78,0.293,0.324,2.18,1.229,1.341
148,745,productive_stress,0.0,True,time pressure,99.58,85.42,1.49,67.22,1156.41,0.285,0.328,2.298,1.211,1.344
149,750,productive_stress,0.0,True,time pressure,99.76,85.02,1.42,67.56,1155.07,0.285,0.326,2.19,1.217,1.343
150,755,productive_stress,0.0,True,time pressure,99.27,83.46,1.18,65.55,1156.89,0.284,0.32,1.822,1.181,1.345
151,760,productive_stress,0.0,True,time pressure,101.08,86.03,1.32,65.89,1156.5,0.289,0.33,2.036,1.187,1.345
152,765,productive_stress,0.0,True,time pressure,110.93,86.77,1.27,65.55,1158.18,0.317,0.333,1.965,1.181,1.346
153,770,productive_stress,0.0,True,time pressure,110.63,84.34,0.99,65.55,1151.88,0.317,0.324,1.537,1.181,1.339
154,775,productive_stress,0.0,True,time pressure,109.36,84.36,1.01,66.56,1155.26,0.313,0.324,1.554,1.199,1.343
155,780,productive_stress,0.0,True,time pressure,109.23,85.58,0.76,68.23,1155.36,0.313,0.329,1.17,1.229,1.343
156,785,productive_stress,0.0,True,time pressure,107.76,80.59,0.8,67.56,1154.55,0.308,0.309,1.242,1.217,1.342
157,790,productive_stress,0.0,True,time pressure,96.87,74.72,1.05,67.89,1148.66,0.277,0.287,1.621,1.223,1.335
158,795,productive_stress,0.0,True,time pressure,101.22,78.77,1.16,67.56,1150.8,0.29,0.302,1.791,1.217,1.338
159,800,productive_stress,0.0,True,time pressure,102.11,78.79,1.21,66.56,1145.68,0.292,0.303,1.875,1.199,1.332
160,805,productive_stress,0.0,True,time pressure,101.8,80.62,1.58,64.21,1147.21,0.291,0.31,2.447,1.157,1.334
161,810,productive_stress,0.0,True,time pressure,97.03,78.3,1.4,62.88,1146.3,0.278,0.301,2.164,1.133,1.333
162,815,productive_stress,0.0,True,time pressure,97.46,76.15,1.2,63.21,1151.3,0.279,0.292,1.853,1.139,1.339
163,820,productive_stress,0.0,True,time pressure,96.91,74.75,0.96,65.89,1151.23,0.277,0.287,1.49,1.187,1.338
164,825,productive_stress,0.0,True,time pressure,134.36,129.82,0.98,63.21,1130.18,0.384,0.498,1.508,1.139,1.314
165,830,productive_stress,0.0,True,time pressure,135.18,166.43,0.86,62.54,1087.85,0.387,0.639,1.332,1.127,1.265
166,835,productive_stress,0.0,True,time pressure,138.57,166.47,0.76,65.55,1081.88,0.396,0.639,1.172,1.181,1.258
167,840,productive_stress,0.0,True,time pressure,138.84,164.69,0.72,64.88,1075.65,0.397,0.632,1.105,1.169,1.251
168,845,productive_stress,0.0,True,time pressure,139.39,161.85,0.68,63.88,1069.65,0.399,0.621,1.047,1.151,1.244
169,850,productive_stress,0.0,True,time pressure,101.96,128.11,0.61,65.22,1082.09,0.292,0.492,0.948,1.175,1.258
170,855,productive_stress,0.0,True,time pressure,100.59,73.12,0.42,67.89,1113.02,0.288,0.281,0.655,1.223,1.294
171,860,productive_stress,0.0,True,time pressure,102.06,77.68,0.62,67.56,1112.41,0.292,0.298,0.953,1.217,1.293
172,865,productive_stress,0.0,True,time pressure,101.66,77.14,0.81,69.23,1111.68,0.291,0.296,1.252,1.247,1.292
173,870,productive_stress,0.0,True,time pressure,98.79,75.63,0.93,68.56,1110.14,0.283,0.29,1.43,1.235,1.291
174,875,productive_stress,0.0,True,time pressure,100.06,75.9,0.95,68.56,1109.12,0.286,0.291,1.466,1.235,1.289
175,880,productive_stress,0.0,True,time pressure,100.72,77.44,0.84,68.23,1113.46,0.288,0.297,1.301,1.229,1.295
176,885,productive_stress,0.0,True,time pressure,96.77,70.61,0.45,66.56,1112.86,0.277,0.271,0.697,1.199,1.294
177,890,productive_stress,0.0,True,time pressure,96.2,69.26,0.45,66.22,1109.13,0.275,0.266,0.699,1.193,1.289
178,895,productive_stress,0.0,True,time pressure,97.34,69.77,0.45,67.56,1111.18,0.279,0.268,0.692,1.217,1.292
179,900,productive_stress,0.0,True,time pressure,96.28,70.66,0.7,66.89,1110.35,0.275,0.271,1.089,1.205,1.291
180,905,productive_stress,0.0,True,time pressure,92.97,68.33,0.75,65.55,1101.63,0.266,0.262,1.166,1.181,1.281
181,910,productive_stress,0.0,True,time pressure,92.72,69.06,0.86,66.22,1097.1,0.265,0.265,1.327,1.193,1.275
182,915,productive_stress,0.0,True,time pressure,89.18,70.78,1.11,62.21,1088.87,0.255,0.272,1.713,1.12,1.266
183,920,productive_stress,0.0,True,time pressure,85.89,68.16,1.16,58.53,1075.95,0.246,0.262,1.786,1.054,1.251
184,925,productive_stress,0.0,True,time pressure,84.71,68.11,1.19,59.87,1069.38,0.242,0.262,1.836,1.078,1.243
185,930,productive_stress,0.0,True,time pressure,82.48,66.07,1.02,57.86,1061.4,0.236,0.254,1.578,1.042,1.234
186,935,productive_stress,0.0,True,time pressure,79.29,64.71,0.92,55.52,1055.4,0.227,0.248,1.421,1.0,1.227
187,940,productive_stress,0.0,True,time pressure,81.56,66.95,1.45,57.19,1055.36,0.233,0.257,2.248,1.03,1.227
188,945,productive_stress,0.0,True,time pressure,84.92,69.01,1.33,59.53,1056.69,0.243,0.265,2.058,1.072,1.229
189,950,productive_stress,0.0,True,time pressure,86.98,71.07,1.3,58.86,1060.47,0.249,0.273,2.015,1.06,1.233
190,955,productive_stress,0.0,True,time pressure,89.92,78.88,1.24,61.87,1066.14,0.257,0.303,1.917,1.114,1.239
191,960,productive_stress,0.0,True,time pressure,93.21,79.16,1.39,63.55,1069.81,0.267,0.304,2.146,1.145,1.244
192,965,productive_stress,0.0,True,time pressure,92.91,79.01,1.39,63.21,1068.55,0.266,0.303,2.148,1.139,1.242
193,970,productive_stress,0.0,True,time pressure,93.0,78.71,1.56,62.54,1072.96,0.266,0.302,2.404,1.127,1.247
194,975,productive_stress,0.0,True,time pressure,91.57,77.44,1.58,62.88,1069.3,0.262,0.297,2.447,1.133,1.243
195,980,productive_stress,0.0,True,time pressure,89.4,69.93,1.19,61.2,1067.34,0.256,0.268,1.847,1.102,1.241
196,985,productive_stress,0.0,True,time pressure,86.93,69.59,1.29,62.54,1067.96,0.249,0.267,1.987,1.127,1.242
197,990,productive_stress,0.0,True,time pressure,87.14,68.25,1.31,64.88,1069.57,0.249,0.262,2.018,1.169,1.243
198,995,productive_stress,0.0,True,time pressure,84.8,67.16,1.22,64.21,1065.99,0.243,0.258,1.88,1.157,1.239
199,1000,productive_stress,0.0,True,time pressure,81.4,152.97,1.16,57.19,1012.46,0.233,0.587,1.794,1.03,1.177
200,1005,productive_stress,0.0,True,time pressure,79.47,168.42,2.2,52.84,975.06,0.227,0.647,3.403,0.952,1.134
201,1010,productive_stress,0.0,True,time pressure,76.67,161.63,2.02,48.49,958.31,0.219,0.621,3.118,0.873,1.114
202,1015,productive_stress,0.0,True,time pressure,76.45,158.38,2.35,43.81,943.52,0.219,0.608,3.632,0.789,1.097
203,1020,productive_stress,0.0,True,time pressure,71.45,151.54,3.39,37.46,929.49,0.204,0.582,5.233,0.675,1.081
204,1025,productive_stress,0.0,True,time pressure,73.8,113.81,3.38,39.46,963.87,0.211,0.437,5.221,0.711,1.121
205,1030,productive_stress,0.0,True,time pressure,73.61,93.74,3.39,37.12,975.4,0.211,0.36,5.243,0.669,1.134
206,1035,productive_stress,0.0,True,time pressure,74.88,101.14,5.23,37.12,979.96,0.214,0.388,8.084,0.669,1.139
207,1040,productive_stress,0.0,True,time pressure,67.89,93.03,5.25,33.78,978.48,0.194,0.357,8.114,0.608,1.138
208,1045,productive_stress,0.0,True,time pressure,67.38,97.89,4.34,35.45,965.94,0.193,0.376,6.707,0.639,1.123
209,1050,productive_stress,0.0,True,time pressure,67.16,98.36,4.9,34.78,964.0,0.192,0.378,7.572,0.627,1.121
210,1055,productive_stress,0.0,True,time pressure,66.18,99.4,6.56,37.79,972.58,0.189,0.382,10.134,0.681,1.131
211,1060,productive_stress,0.0,True,time pressure,62.85,96.84,6.03,33.78,972.08,0.18,0.372,9.313,0.608,1.13
212,1065,productive_stress,0.0,True,time pressure,72.69,109.03,6.61,36.12,977.39,0.208,0.419,10.214,0.651,1.136
213,1070,productive_stress,0.0,True,time pressure,77.26,109.65,7.21,36.79,992.94,0.221,0.421,11.142,0.663,1.154
214,1075,productive_stress,0.0,True,time pressure,78.59,104.4,5.76,38.8,993.24,0.225,0.401,8.897,0.699,1.155
215,1080,productive_stress,0.0,True,time pressure,84.87,109.76,4.22,41.47,997.74,0.243,0.421,6.52,0.747,1.16
216,1085,productive_stress,0.0,True,time pressure,93.91,121.81,3.92,48.16,1008.38,0.269,0.468,6.053,0.867,1.172
217,1090,productive_stress,0.0,True,time pressure,89.16,122.57,3.54,49.16,1023.45,0.255,0.471,5.476,0.886,1.19
218,1095,productive_stress,0.0,True,time pressure,87.5,115.6,4.13,51.84,1023.64,0.25,0.444,6.384,0.934,1.19
219,1100,productive_stress,0.0,True,time pressure,81.8,111.26,4.78,48.16,1026.87,0.234,0.427,7.395,0.867,1.194
220,1105,productive_stress,0.0,True,time pressure,74.53,100.21,4.23,43.48,1032.65,0.213,0.385,6.544,0.783,1.201
221,1110,productive_stress,0.0,True,time pressure,71.46,90.98,3.51,38.13,1025.67,0.204,0.349,5.419,0.687,1.192
222,1115,productive_stress,0.0,True,time pressure,68.72,110.75,2.98,30.43,971.9,0.197,0.425,4.611,0.548,1.13
223,1120,productive_stress,0.0,True,time pressure,62.42,117.95,2.94,20.74,934.87,0.179,0.453,4.543,0.373,1.087
224,1125,productive_stress,0.0,True,time pressure,68.45,141.37,3.02,18.73,889.35,0.196,0.543,4.672,0.337,1.034
225,1130,productive_stress,0.0,True,time pressure,222.36,207.08,2.34,31.1,837.45,0.636,0.795,3.614,0.56,0.974
226,1135,productive_stress,0.0,True,time pressure,301.02,249.81,0.64,38.8,832.78,0.861,0.959,0.988,0.699,0.968
227,1140,productive_stress,0.0,True,time pressure,356.67,290.63,0.74,53.51,851.95,1.02,1.116,1.141,0.964,0.99
228,1145,productive_stress,0.0,True,time pressure,363.8,306.23,0.63,68.23,899.8,1.041,1.176,0.974,1.229,1.046
229,1150,productive_stress,0.0,True,time pressure,380.34,313.54,0.6,77.59,964.79,1.088,1.204,0.922,1.398,1.122
230,1155,productive_stress,0.0,True,time pressure,327.98,261.4,0.76,71.91,1013.25,0.938,1.004,1.179,1.295,1.178
231,1160,productive_stress,0.0,True,time pressure,260.12,222.66,0.66,70.57,1038.33,0.744,0.855,1.018,1.271,1.207
232,1165,productive_stress,0.0,True,time pressure,183.91,160.92,0.98,66.89,1074.91,0.526,0.618,1.518,1.205,1.25
233,1170,productive_stress,0.0,True,time pressure,179.17,160.96,0.91,64.88,1089.17,0.513,0.618,1.409,1.169,1.266
234,1175,productive_stress,0.0,True,time pressure,146.63,133.77,0.9,63.21,1087.57,0.42,0.514,1.395,1.139,1.264
235,1180,productive_stress,0.0,True,time pressure,136.1,113.23,0.92,66.89,1111.11,0.389,0.435,1.429,1.205,1.292
236,1185,productive_stress,0.0,True,time pressure,130.7,112.08,0.87,65.89,1113.39,0.374,0.43,1.343,1.187,1.294
237,1190,productive_stress,0.0,True,time pressure,136.76,129.82,1.07,64.55,1136.92,0.391,0.498,1.66,1.163,1.322
238,1195,productive_stress,0.0,True,time pressure,157.2,179.59,1.35,60.87,1096.44,0.45,0.69,2.087,1.096,1.275
239,1200,productive_stress,0.0,True,time pressure,155.41,179.5,1.4,60.2,1109.2,0.445,0.689,2.172,1.084,1.29
240,1205,productive_stress,0.0,True,time pressure,148.93,192.74,1.88,57.19,1091.07,0.426,0.74,2.908,1.03,1.268
241,1210,productive_stress,0.0,True,time pressure,164.4,212.5,1.54,57.86,1078.3,0.47,0.816,2.38,1.042,1.254
242,1215,productive_stress,0.0,True,time pressure,147.14,204.47,3.49,57.53,1054.48,0.421,0.785,5.388,1.036,1.226
243,1220,productive_stress,0.0,True,time pressure,132.37,174.48,3.9,61.54,1104.41,0.379,0.67,6.02,1.108,1.284
244,1225,productive_stress,0.0,True,time pressure,135.77,181.96,3.98,61.54,1114.48,0.388,0.699,6.157,1.108,1.296
245,1230,productive_stress,0.0,True,time pressure,138.35,163.76,4.4,66.22,1134.39,0.396,0.629,6.805,1.193,1.319
246,1235,productive_stress,0.0,True,time pressure,117.66,160.09,1.69,64.55,1129.87,0.337,0.615,2.606,1.163,1.314
247,1240,productive_stress,0.0,True,time pressure,199.27,193.51,1.27,68.9,1129.49,0.57,0.743,1.964,1.241,1.313
248,1245,productive_stress,0.0,True,time pressure,216.8,206.72,0.88,69.57,1127.33,0.62,0.794,1.36,1.253,1.311
249,1250,productive_stress,0.0,True,time pressure,217.42,205.06,0.71,71.91,1136.43,0.622,0.787,1.093,1.295,1.321
250,1255,productive_stress,0.0,True,time pressure,220.74,210.4,0.63,70.57,1147.55,0.632,0.808,0.978,1.271,1.334
251,1260,productive_stress,0.0,True,time pressure,220.63,186.9,0.58,71.24,1175.87,0.631,0.718,0.903,1.283,1.367
252,1265,productive_stress,0.0,True,time pressure,154.41,130.99,0.81,69.9,1196.48,0.442,0.503,1.251,1.259,1.391
253,1270,productive_stress,0.0,True,time pressure,136.21,108.96,0.94,69.9,1203.6,0.39,0.418,1.456,1.259,1.399
254,1275,productive_stress,0.0,True,time pressure,137.42,107.61,0.86,71.57,1196.71,0.393,0.413,1.328,1.289,1.391
255,1280,productive_stress,0.0,True,time pressure,133.22,101.59,1.04,72.24,1188.83,0.381,0.39,1.612,1.301,1.382
256,1285,productive_stress,0.0,True,time pressure,132.95,158.42,0.96,68.9,1150.93,0.38,0.608,1.479,1.241,1.338
257,1290,productive_stress,0.0,True,time pressure,131.9,164.04,1.86,68.56,1142.43,0.377,0.63,2.878,1.235,1.328
258,1295,productive_stress,0.0,True,time pressure,131.7,162.72,1.89,68.56,1136.4,0.377,0.625,2.925,1.235,1.321
259,1300,productive_stress,0.0,True,time pressure,130.86,164.71,2.15,67.56,1134.98,0.374,0.632,3.328,1.217,1.32
260,1305,productive_stress,0.0,True,time pressure,124.13,164.58,2.16,65.89,1143.1,0.355,0.632,3.342,1.187,1.329
261,1310,productive_stress,0.0,True,time pressure,121.74,108.93,0.98,70.57,1179.22,0.348,0.418,1.508,1.271,1.371
262,1315,productive_stress,0.0,True,time pressure,119.15,95.39,1.06,70.57,1184.72,0.341,0.366,1.633,1.271,1.377
263,1320,productive_stress,0.0,True,time pressure,118.17,94.99,1.18,71.24,1185.06,0.338,0.365,1.828,1.283,1.378
264,1325,productive_stress,0.0,True,time pressure,117.99,92.51,1.02,70.57,1183.49,0.338,0.355,1.572,1.271,1.376
265,1330,productive_stress,0.0,True,time pressure,119.39,90.31,0.8,72.91,1186.44,0.342,0.347,1.238,1.313,1.379
266,1335,productive_stress,0.0,True,time pressure,121.81,92.93,1.08,73.24,1188.61,0.349,0.357,1.662,1.319,1.382
267,1340,productive_stress,0.0,True,time pressure,124.18,94.44,1.11,72.58,1187.36,0.355,0.363,1.71,1.307,1.38
268,1345,productive_stress,0.0,True,time pressure,124.62,95.4,0.87,74.25,1182.57,0.357,0.366,1.34,1.337,1.375
269,1350,productive_stress,0.0,True,time pressure,120.98,101.15,1.01,71.91,1178.14,0.346,0.388,1.557,1.295,1.37
270,1355,productive_stress,0.0,True,time pressure,122.78,101.05,1.68,69.57,1169.7,0.351,0.388,2.592,1.253,1.36
271,1360,productive_stress,0.0,True,time pressure,124.0,103.61,1.57,68.9,1158.72,0.355,0.398,2.424,1.241,1.347
272,1365,productive_stress,0.0,True,time pressure,122.43,105.79,1.88,68.56,1154.97,0.35,0.406,2.9,1.235,1.343
273,1370,productive_stress,0.0,True,time pressure,122.86,105.74,2.03,67.22,1151.47,0.352,0.406,3.141,1.211,1.339
274,1375,productive_stress,0.0,True,time pressure,134.16,103.4,1.05,68.56,1147.73,0.384,0.397,1.618,1.235,1.334
275,1380,productive_stress,0.0,True,time pressure,129.6,101.95,1.03,69.9,1139.37,0.371,0.391,1.587,1.259,1.325
276,1385,productive_stress,0.0,True,time pressure,128.34,98.58,0.93,69.9,1142.04,0.367,0.378,1.439,1.259,1.328
277,1390,productive_stress,0.0,True,time pressure,129.62,100.06,1.13,69.9,1138.96,0.371,0.384,1.742,1.259,1.324
278,1395,productive_stress,0.0,True,time pressure,125.95,97.25,1.15,69.57,1129.95,0.36,0.373,1.772,1.253,1.314
279,1400,productive_stress,0.0,True,time pressure,114.58,94.36,1.06,69.57,1128.2,0.328,0.362,1.634,1.253,1.312
280,1405,productive_stress,0.0,True,time pressure,116.86,95.46,1.08,68.56,1130.36,0.334,0.367,1.674,1.235,1.314
281,1410,productive_stress,0.0,True,time pressure,134.48,132.12,0.76,68.23,1109.55,0.385,0.507,1.168,1.229,1.29
282,1415,productive_stress,0.0,True,time pressure,131.83,150.37,1.3,64.21,1081.95,0.377,0.577,2.012,1.157,1.258
283,1420,productive_stress,0.0,True,time pressure,152.91,169.11,1.14,64.55,1070.89,0.437,0.649,1.761,1.163,1.245
284,1425,productive_stress,0.0,True,time pressure,155.69,172.52,1.21,63.55,1074.03,0.445,0.662,1.872,1.145,1.249
285,1430,productive_stress,0.0,True,time pressure,165.76,193.18,1.33,58.53,1034.74,0.474,0.742,2.061,1.054,1.203
286,1435,productive_stress,0.0,True,time pressure,150.65,175.41,1.21,57.86,1043.62,0.431,0.673,1.874,1.042,1.213
287,1440,productive_stress,0.0,True,time pressure,149.21,161.7,1.31,60.54,1057.34,0.427,0.621,2.032,1.09,1.229
288,1445,productive_stress,0.0,True,time pressure,125.97,158.04,1.71,55.85,1053.46,0.36,0.607,2.642,1.006,1.225
289,1450,productive_stress,0.0,True,time pressure,122.5,153.13,2.35,54.85,1034.77,0.351,0.588,3.637,0.988,1.203
290,1455,productive_stress,0.0,True,time pressure,100.56,122.51,2.31,52.84,1044.61,0.288,0.47,3.576,0.952,1.214
291,1460,productive_stress,0.0,True,time pressure,94.58,116.45,2.31,49.83,1032.95,0.271,0.447,3.576,0.898,1.201
292,1465,productive_stress,0.0,True,time pressure,91.64,119.63,2.32,47.83,1022.11,0.262,0.459,3.58,0.861,1.188
293,1470,productive_stress,0.0,True,time pressure,80.23,116.62,2.58,42.81,1023.45,0.23,0.448,3.986,0.771,1.19
294,1475,productive_stress,0.0,True,time pressure,77.53,113.28,3.28,41.81,1018.5,0.222,0.435,5.075,0.753,1.184
295,1480,productive_stress,0.0,True,time pressure,79.57,128.21,3.58,42.81,1006.47,0.228,0.492,5.535,0.771,1.17
296,1485,productive_stress,0.0,True,time pressure,83.6,157.82,4.39,40.13,993.76,0.239,0.606,6.781,0.723,1.155
297,1490,productive_stress,0.0,True,time pressure,83.26,157.32,4.23,39.46,1004.54,0.238,0.604,6.544,0.711,1.168
298,1495,productive_stress,0.0,True,time pressure,91.06,154.85,4.2,48.16,1019.57,0.261,0.595,6.485,0.867,1.185
299,1500,productive_stress,0.0,True,time pressure,91.01,154.75,3.99,49.5,1024.57,0.26,0.594,6.162,0.892,1.191
300,1505,productive_stress,0.0,True,time pressure,99.61,153.37,3.34,54.18,1060.46,0.285,0.589,5.156,0.976,1.233
301,1510,productive_stress,0.0,True,time pressure,101.25,120.27,3.23,55.18,1078.15,0.29,0.462,4.993,0.994,1.253
302,1515,productive_stress,0.0,True,time pressure,101.97,123.68,3.17,55.52,1084.17,0.292,0.475,4.906,1.0,1.26
303,1520,productive_stress,0.0,True,time pressure,105.01,124.23,3.39,54.52,1086.67,0.3,0.477,5.238,0.982,1.263
304,1525,productive_stress,0.0,True,time pressure,102.49,135.51,2.98,53.85,1081.87,0.293,0.52,4.603,0.97,1.258
305,1530,productive_stress,0.0,True,time pressure,93.82,152.8,2.85,49.5,1051.17,0.268,0.587,4.408,0.892,1.222
306,1535,productive_stress,0.0,True,time pressure,90.11,152.09,1.88,50.84,1061.89,0.258,0.584,2.903,0.916,1.235
307,1540,productive_stress,0.0,True,time pressure,86.93,146.96,1.37,51.51,1060.06,0.249,0.564,2.118,0.928,1.232
308,1545,productive_stress,0.0,True,time pressure,92.4,155.3,2.28,52.17,1056.99,0.264,0.596,3.521,0.94,1.229
309,1550,productive_stress,0.0,True,time pressure,94.15,148.4,2.34,52.17,1077.45,0.269,0.57,3.62,0.94,1.253
310,1555,productive_stress,0.0,True,time pressure,92.0,114.52,2.55,52.84,1089.14,0.263,0.44,3.948,0.952,1.266
311,1560,productive_stress,0.0,True,time pressure,94.01,119.22,2.54,52.17,1078.2,0.269,0.458,3.932,0.94,1.254
312,1565,productive_stress,0.0,True,time pressure,94.51,118.62,2.1,52.17,1072.6,0.27,0.455,3.239,0.94,1.247
313,1570,productive_stress,0.0,True,time pressure,77.19,98.1,1.64,46.15,1060.88,0.221,0.377,2.536,0.831,1.233
314,1575,productive_stress,0.0,True,time pressure,108.64,129.7,1.71,45.82,1019.02,0.311,0.498,2.641,0.825,1.185
315,1580,productive_stress,0.0,True,time pressure,106.83,175.59,1.89,43.48,971.37,0.306,0.674,2.916,0.783,1.129
316,1585,productive_stress,0.0,True,time pressure,157.13,195.65,1.37,46.15,959.15,0.45,0.751,2.119,0.831,1.115
317,1590,productive_stress,0.0,True,time pressure,157.62,194.72,1.54,45.15,930.61,0.451,0.748,2.379,0.813,1.082
318,1595,productive_stress,0.0,True,time pressure,158.3,199.41,2.11,44.48,906.72,0.453,0.766,3.254,0.801,1.054
319,1600,productive_stress,0.0,True,time pressure,185.45,211.89,2.13,44.15,885.89,0.531,0.814,3.297,0.795,1.03
320,1605,productive_stress,0.0,True,time pressure,184.13,193.06,1.94,41.81,903.48,0.527,0.741,2.997,0.753,1.05
321,1610,productive_stress,0.0,True,time pressure,140.17,160.25,1.88,33.78,891.79,0.401,0.615,2.912,0.608,1.037
322,1615,productive_stress,0.0,True,time pressure,136.71,155.13,1.76,31.77,886.17,0.391,0.596,2.725,0.572,1.03
323,1620,productive_stress,0.0,True,time pressure,138.28,141.43,2.37,34.11,884.06,0.396,0.543,3.665,0.614,1.028
324,1625,productive_stress,0.0,True,time pressure,60.64,90.44,3.53,30.1,899.06,0.173,0.347,5.452,0.542,1.045
325,1630,productive_stress,0.0,True,time pressure,63.92,90.13,3.07,31.44,901.69,0.183,0.346,4.749,0.566,1.048
326,1635,productive_stress,0.0,True,time pressure,61.24,102.62,3.93,30.77,864.75,0.175,0.394,6.079,0.554,1.005
327,1640,productive_stress,0.0,True,time pressure,56.93,106.57,2.34,24.41,831.64,0.163,0.409,3.614,0.44,0.967
328,1645,productive_stress,0.0,True,time pressure,47.33,92.64,5.04,18.39,806.5,0.135,0.356,7.782,0.331,0.938
329,1650,productive_stress,0.0,True,time pressure,38.29,83.6,8.34,13.04,774.39,0.11,0.321,12.889,0.235,0.9
330,1655,productive_stress,0.0,True,time pressure,28.01,65.09,14.91,7.02,742.78,0.08,0.25,23.045,0.127,0.864
331,1660,productive_stress,0.0,True,time pressure,24.08,60.39,16.89,4.01,743.28,0.069,0.232,26.103,0.072,0.864
332,1665,productive_stress,0.0,True,time pressure,23.12,53.13,10.71,3.34,746.91,0.066,0.204,16.554,0.06,0.868
333,1670,productive_stress,0.0,True,time pressure,20.94,44.9,6.1,1.0,735.63,0.06,0.172,9.422,0.018,0.855
334,1675,productive_stress,0.0,True,time pressure,20.97,43.04,6.63,1.0,738.83,0.06,0.165,10.24,0.018,0.859
335,1680,productive_stress,0.0,True,time pressure,20.74,35.69,5.3,1.0,747.75,0.059,0.137,8.186,0.018,0.869
336,1685,productive_stress,0.0,True,time pressure,41.06,51.54,3.38,3.01,737.25,0.117,0.198,5.228,0.054,0.857
337,1690,productive_stress,0.0,True,time pressure,40.78,57.09,1.09,3.01,729.15,0.117,0.219,1.678,0.054,0.848
338,1695,productive_stress,0.0,True,time pressure,40.27,62.0,1.29,2.68,718.7,0.115,0.238,1.994,0.048,0.836
339,1700,productive_stress,0.0,True,time pressure,40.38,68.62,2.26,3.34,701.94,0.116,0.263,3.496,0.06,0.816
340,1705,productive_stress,0.0,True,time pressure,40.28,64.01,9.07,3.01,685.15,0.115,0.246,14.013,0.054,0.797
341,1710,productive_stress,0.0,True,time pressure,18.22,54.29,11.97,1.0,688.62,0.052,0.208,18.5,0.018,0.801
342,1715,productive_stress,0.0,True,time pressure,21.4,59.75,7.32,2.34,698.57,0.061,0.229,11.309,0.042,0.812
343,1720,productive_stress,0.0,True,time pressure,22.73,57.72,7.48,3.01,702.93,0.065,0.222,11.564,0.054,0.817
344,1725,productive_stress,0.0,True,time pressure,22.71,50.48,7.08,2.68,712.15,0.065,0.194,10.938,0.048,0.828
345,1730,productive_stress,0.0,True,time pressure,22.76,46.97,8.21,2.68,712.09,0.065,0.18,12.684,0.048,0.828
346,1735,productive_stress,0.0,True,time pressure,23.14,48.15,8.7,2.68,709.8,0.066,0.185,13.445,0.048,0.825
347,1740,productive_stress,0.0,True,time pressure,19.46,41.01,8.49,1.34,706.6,0.056,0.157,13.126,0.024,0.821
348,1745,productive_stress,0.0,True,time pressure,18.05,40.6,12.14,1.34,714.12,0.052,0.156,18.759,0.024,0.83
349,1750,productive_stress,0.0,True,time pressure,17.94,39.07,8.92,1.34,717.56,0.051,0.15,13.789,0.024,0.834
350,1755,productive_stress,0.0,True,time pressure,17.44,38.11,5.05,1.34,727.99,0.05,0.146,7.81,0.024,0.846
351,1760,productive_stress,0.0,True,time pressure,17.09,45.38,4.59,1.0,719.85,0.049,0.174,7.09,0.018,0.837
352,1765,productive_stress,0.0,True,time pressure,19.85,50.65,5.11,2.01,723.97,0.057,0.194,7.9,0.036,0.842
353,1770,productive_stress,0.0,True,time pressure,20.72,51.18,3.35,2.01,723.76,0.059,0.196,5.174,0.036,0.841
354,1775,productive_stress,0.0,True,time pressure,30.99,77.07,4.49,5.35,716.97,0.089,0.296,6.946,0.096,0.834
355,1780,productive_stress,0.0,True,time pressure,34.0,81.65,1.93,8.7,723.55,0.097,0.313,2.984,0.157,0.841
356,1785,productive_stress,0.0,True,time pressure,36.26,78.42,2.91,10.7,740.57,0.104,0.301,4.492,0.193,0.861
357,1790,productive_stress,0.0,True,time pressure,39.02,82.38,3.12,13.04,743.76,0.112,0.316,4.826,0.235,0.865
358,1795,productive_stress,0.0,True,time pressure,39.76,86.32,3.32,12.71,753.73,0.114,0.331,5.138,0.229,0.876
359,1800,productive_stress,0.0,True,time pressure,33.9,61.6,5.41,11.04,779.25,0.097,0.236,8.367,0.199,0.906
360,1805,productive_stress,0.0,True,time pressure,33.5,58.06,6.83,10.7,787.07,0.096,0.223,10.555,0.193,0.915
361,1810,productive_stress,0.0,True,time pressure,32.27,55.83,6.29,9.36,790.24,0.092,0.214,9.725,0.169,0.919
362,1815,productive_stress,0.0,True,time pressure,30.18,51.55,4.7,8.03,797.83,0.086,0.198,7.268,0.145,0.928
363,1820,productive_stress,0.0,True,time pressure,31.59,51.55,3.92,10.37,801.06,0.09,0.198,6.062,0.187,0.931
364,1825,productive_stress,0.0,True,time pressure,33.5,57.26,5.45,11.37,807.3,0.096,0.22,8.428,0.205,0.939
365,1830,productive_stress,0.0,True,time pressure,33.59,59.3,6.1,11.37,811.81,0.096,0.228,9.43,0.205,0.944
366,1835,productive_stress,0.0,True,time pressure,49.37,81.15,2.93,14.05,802.69,0.141,0.312,4.532,0.253,0.933
367,1840,productive_stress,0.0,True,time pressure,49.32,84.08,4.33,14.05,811.29,0.141,0.323,6.696,0.253,0.943
368,1845,productive_stress,0.0,True,time pressure,49.05,82.34,2.29,13.38,816.35,0.14,0.316,3.545,0.241,0.949
369,1850,productive_stress,0.0,True,time pressure,47.89,88.57,2.28,11.37,815.38,0.137,0.34,3.528,0.205,0.948
370,1855,productive_stress,0.0,True,time pressure,239.1,185.23,0.56,22.74,783.57,0.684,0.711,0.865,0.41,0.911
371,1860,productive_stress,0.0,True,time pressure,301.73,231.74,0.53,33.44,790.15,0.863,0.89,0.827,0.602,0.919
372,1865,productive_stress,0.0,True,time pressure,370.14,277.46,0.81,41.14,749.3,1.059,1.065,1.258,0.741,0.871
373,1870,productive_stress,0.0,True,time pressure,461.38,341.0,0.69,54.18,752.22,1.32,1.309,1.064,0.976,0.875
374,1875,productive_stress,0.0,True,time pressure,504.09,370.87,0.9,65.55,730.31,1.442,1.424,1.393,1.181,0.849
375,1880,productive_stress,0.0,True,time pressure,529.26,402.49,0.74,69.57,780.0,1.514,1.545,1.149,1.253,0.907
376,1885,productive_stress,0.0,True,time pressure,564.16,420.04,0.66,73.58,779.73,1.614,1.613,1.022,1.325,0.907
377,1890,productive_stress,0.0,True,time pressure,587.87,432.99,0.68,81.94,818.12,1.682,1.662,1.048,1.476,0.951
378,1895,productive_stress,0.0,True,time pressure,564.71,415.83,0.82,81.27,790.67,1.616,1.597,1.269,1.464,0.919
379,1900,productive_stress,0.0,True,time pressure,572.09,418.74,0.83,85.62,783.64,1.637,1.608,1.288,1.542,0.911
380,1905,productive_stress,0.0,True,time pressure,537.86,394.77,0.99,84.95,728.45,1.539,1.516,1.536,1.53,0.847
381,1910,productive_stress,0.0,True,time pressure,535.43,389.15,1.05,82.94,737.59,1.532,1.494,1.619,1.494,0.858
382,1915,productive_stress,0.0,True,time pressure,482.01,344.65,0.74,67.89,697.97,1.379,1.323,1.147,1.223,0.811
383,1920,productive_stress,0.0,True,time pressure,445.42,327.46,0.79,60.87,677.45,1.274,1.257,1.228,1.096,0.788
384,1925,productive_stress,0.0,True,time pressure,396.5,298.89,0.78,53.18,698.33,1.134,1.148,1.207,0.958,0.812
385,1930,productive_stress,0.0,True,time pressure,357.68,267.32,0.63,42.14,722.07,1.023,1.026,0.971,0.759,0.839
386,1935,productive_stress,0.0,True,time pressure,249.27,198.91,0.85,29.43,705.88,0.713,0.764,1.315,0.53,0.821
387,1940,productive_stress,0.0,True,time pressure,263.86,207.88,0.77,37.79,717.36,0.755,0.798,1.184,0.681,0.834
388,1945,productive_stress,0.0,True,time pressure,332.14,246.53,0.54,43.48,728.22,0.95,0.947,0.834,0.783,0.847
389,1950,productive_stress,0.0,True,time pressure,323.67,237.87,0.52,36.45,690.01,0.926,0.913,0.8,0.657,0.802
390,1955,productive_stress,0.0,True,time pressure,289.75,214.25,0.43,30.77,664.67,0.829,0.823,0.668,0.554,0.773
